train_id,path,platform,arrival_time,departure_time,direction
121,"[128, 25, 23, 21, 20, 19, 18, 14, 1, 26, 49, 62, 98, 115, 116, 122]",1,05:58:00.0,06:05:00.0,mod_vest
2221*,"[59, 42, 34, 33, 27, 2, 27, 33, 34, 35, 36, 37, 51, 60, 66, 77, 78, 81, 96, 104, 124]",2,05:57:00.0,06:07:00.0,mod_vest
4302,"[123, 92, 64, 45, 34, 33, 28, 3, 11, 10, 14, 18, 22, 24, 127]",3,06:08:00.0,06:11:00.0,mod_kn
4521,"[128, 25, 23, 21, 16, 5, 30, 38, 41, 43, 47, 75, 78, 81, 96, 104, 124]",5,06:10:00.0,06:14:00.0,mod_vest
4402,"[121, 115, 98, 62, 49, 45, 34, 33, 27, 2, 10, 14, 18, 22, 24, 127]",2,06:11:00.0,06:14:00.0,mod_kn
2423,"[128, 25, 23, 21, 20, 19, 15, 4, 29, 28, 33, 34, 45, 49, 62, 98, 115, 116, 122]",4,06:13:00.0,06:18:00.0,mod_vest
4500,"[123, 92, 64, 45, 34, 33, 28, 3, 11, 10, 14, 18, 22, 24, 127]",3,06:16:00.0,06:20:00.0,mod_kn
321,"[125, 117, 119, 100, 63, 62, 49, 26, 1, 26, 49, 62, 98, 115, 116, 122]",1,06:17:00.0,06:26:00.0,vender
2323*,"[59, 57, 56, 53, 51, 50, 46, 43, 41, 40, 39, 31, 6, 31, 39, 40, 48, 55, 61, 95, 104, 124]",6,06:12:00.0,06:22:00.0,mod_vest
4202,"[123, 92, 64, 45, 34, 33, 27, 2, 10, 14, 18, 22, 24, 127]",2,06:23:00.0,06:26:00.0,mod_kn
823,"[128, 25, 23, 21, 16, 5, 30, 31, 39, 40, 48, 55, 61, 95, 104, 124]",5,06:25:00.0,06:29:00.0,mod_vest
8023402,"[123, 92, 64, 45, 34, 33, 27, 26, 1, 14, 18, 22, 24, 127]",1,06:31:00.0,06:35:00.0,mod_kn
1523*,"[59, 57, 56, 53, 51, 37, 36, 29, 4, 29, 36, 37, 51, 60, 66, 77, 78, 81, 96, 104, 124]",4,06:24:00.0,06:34:00.0,mod_vest
4223,"[128, 25, 23, 21, 16, 5, 30, 31, 39, 40, 48, 55, 61, 95, 104, 124]",5,06:34:00.0,06:37:00.0,mod_vest
1223,"[128, 25, 23, 21, 20, 19, 15, 4, 29, 28, 33, 34, 45, 49, 62, 98, 115, 116, 122]",4,06:37:00.0,06:44:00.0,mod_vest
2302,"[123, 92, 64, 45, 34, 33, 27, 2, 10, 14, 18, 22, 24, 127]",2,06:38:00.0,06:41:00.0,mod_kn
2523,"[128, 25, 23, 17, 8, 44, 48, 55, 61, 95, 104, 124]",8,06:40:00.0,06:44:00.0,mod_vest
2404,"[121, 115, 98, 62, 49, 26, 1, 14, 18, 22, 24, 127]",1,06:41:00.0,06:44:00.0,mod_kn
23,"[125, 117, 119, 100, 94, 88, 86, 84, 82, 81, 78, 77, 66, 60, 51, 37, 36, 35, 34, 33, 28, 3, 28, 33, 34, 45, 49, 62, 98, 115, 116, 122]",3,06:41:00.0,06:56:00.0,vender
4425,"[128, 25, 23, 21, 16, 12, 6, 31, 39, 40, 41, 43, 46, 50, 51, 60, 65, 76, 86, 88, 94, 97, 116, 122]",6,06:46:00.0,06:48:00.0,mod_vest
2502,"[123, 92, 88, 86, 84, 82, 81, 78, 75, 47, 43, 41, 40, 39, 32, 7, 13, 17, 23, 25, 24, 127]",7,06:46:00.0,06:50:00.0,mod_kn
4325,"[128, 25, 23, 17, 8, 44, 48, 55, 61, 95, 104, 124]",8,06:49:00.0,06:52:00.0,mod_vest
2204,"[123, 92, 88, 86, 84, 82, 81, 78, 75, 47, 43, 41, 40, 39, 31, 30, 5, 16, 21, 20, 22, 24, 127]",5,06:53:00.0,06:56:00.0,mod_kn
225,"[128, 25, 23, 21, 16, 12, 6, 31, 39, 40, 48, 55, 61, 95, 104, 124]",6,06:55:00.0,06:59:00.0,mod_vest
1043404,"[121, 115, 98, 62, 49, 45, 34, 33, 27, 2, 10, 14, 18, 22, 24, 127]",2,06:55:00.0,07:05:00.0,mod_kn
3504*,"[123, 92, 88, 86, 84, 82, 81, 78, 75, 47, 43, 41, 40, 39, 32, 7, 32, 39, 40, 41, 43, 46, 50, 51, 53, 56, 57, 59]",7,06:56:00.0,07:06:00.0,mod_kn
6,"[121, 115, 98, 97, 94, 88, 86, 76, 65, 60, 51, 37, 36, 35, 34, 33, 27, 26, 1, 26, 27, 33, 34, 35, 36, 37, 51, 60, 66, 77, 80, 82, 84, 120, 118, 126]",1,07:03:00.0,07:12:00.0,vender
2225,"[128, 25, 23, 21, 16, 5, 30, 31, 39, 40, 48, 55, 61, 95, 104, 124]",5,07:04:00.0,07:07:00.0,mod_vest
125*,"[59, 57, 56, 53, 51, 37, 36, 29, 4, 29, 36, 37, 51, 60, 65, 76, 86, 88, 94, 97, 116, 122]",4,06:55:00.0,07:05:00.0,mod_vest
4304,"[123, 92, 64, 45, 34, 33, 27, 2, 10, 14, 18, 22, 24, 127]",2,07:08:00.0,07:11:00.0,mod_kn
4525,"[128, 25, 23, 21, 16, 12, 13, 7, 32, 44, 48, 55, 61, 67, 75, 78, 81, 96, 104, 124]",7,07:10:00.0,07:14:00.0,mod_vest
4406,"[121, 115, 98, 62, 49, 45, 34, 33, 28, 29, 4, 15, 19, 20, 22, 24, 127]",4,07:11:00.0,07:14:00.0,mod_kn
2427,"[128, 25, 23, 21, 16, 12, 6, 31, 39, 40, 41, 43, 46, 50, 51, 60, 65, 76, 86, 88, 94, 97, 116, 122]",6,07:16:00.0,07:18:00.0,mod_vest
4504,"[123, 92, 64, 45, 34, 33, 28, 3, 11, 10, 14, 18, 22, 24, 127]",3,07:16:00.0,07:20:00.0,mod_kn
1206,"[121, 115, 98, 62, 49, 26, 1, 14, 18, 22, 24, 127]",1,07:17:00.0,07:23:00.0,mod_kn
2327,"[128, 25, 23, 21, 20, 19, 15, 4, 29, 36, 37, 51, 60, 66, 77, 78, 81, 96, 104, 124]",4,07:19:00.0,07:22:00.0,mod_vest
4206,"[123, 92, 64, 45, 34, 33, 27, 2, 10, 14, 18, 22, 24, 127]",2,07:23:00.0,07:26:00.0,mod_kn
3427827,"[128, 25, 23, 17, 13, 7, 32, 44, 48, 55, 61, 95, 104, 124]",7,07:25:00.0,07:29:00.0,mod_vest
15061527,"[123, 92, 64, 45, 34, 33, 27, 26, 1, 26, 27, 33, 34, 35, 36, 37, 51, 60, 66, 77, 78, 81, 96, 104, 124]",1,07:26:00.0,07:34:00.0,vender
393*,"[59, 57, 56, 53, 51, 50, 46, 43, 41, 40, 39, 31, 30, 5, 30, 38, 50, 51, 60, 65, 76, 86, 88, 94, 97, 116, 122]",5,07:16:00.0,07:26:00.0,mod_vest
806,"[123, 92, 64, 45, 34, 33, 28, 3, 11, 15, 19, 20, 22, 24, 127]",3,07:31:00.0,07:35:00.0,mod_kn
308,"[121, 115, 98, 62, 49, 45, 34, 33, 27, 2, 27, 26, 49, 62, 63, 100, 119, 117, 118, 126]",2,07:34:00.0,07:43:00.0,vender
4227,"[128, 25, 23, 21, 16, 5, 30, 38, 50, 51, 60, 66, 77, 78, 81, 96, 104, 124]",5,07:34:00.0,07:37:00.0,mod_vest
1227,"[128, 25, 23, 17, 13, 7, 32, 39, 40, 41, 43, 46, 50, 51, 60, 66, 77, 80, 82, 84, 86, 88, 94, 97, 116, 122]",7,07:37:00.0,07:44:00.0,mod_vest
2306,"[123, 92, 64, 45, 34, 33, 28, 29, 4, 15, 19, 18, 22, 24, 127]",4,07:38:00.0,07:41:00.0,mod_kn
2527,"[128, 25, 23, 17, 8, 44, 48, 55, 61, 95, 104, 124]",8,07:40:00.0,07:44:00.0,mod_vest
27,"[125, 117, 119, 100, 63, 64, 45, 34, 33, 28, 3, 28, 33, 34, 45, 49, 62, 98, 115, 116, 122]",3,07:41:00.0,07:56:00.0,vender
2408,"[121, 115, 98, 62, 49, 26, 1, 14, 18, 22, 24, 127]",1,07:41:00.0,07:44:00.0,mod_kn
2506,"[123, 92, 64, 45, 34, 33, 28, 29, 4, 15, 19, 18, 22, 24, 127]",4,07:46:00.0,07:50:00.0,mod_kn
4429,"[128, 25, 23, 21, 16, 12, 6, 31, 39, 40, 41, 43, 46, 50, 51, 60, 65, 76, 86, 88, 94, 97, 116, 122]",6,07:46:00.0,07:48:00.0,mod_vest
4329,"[128, 25, 23, 21, 16, 5, 30, 31, 39, 40, 48, 55, 61, 95, 104, 124]",5,07:49:00.0,07:52:00.0,mod_vest
2208,"[123, 92, 88, 86, 76, 65, 60, 51, 37, 36, 29, 4, 15, 19, 18, 22, 24, 127]",4,07:53:00.0,07:56:00.0,mod_kn
108,"[121, 115, 98, 62, 49, 45, 34, 33, 27, 2, 10, 14, 18, 22, 24, 127]",2,07:55:00.0,07:59:00.0,mod_kn
3429129,"[128, 25, 23, 21, 20, 19, 18, 14, 1, 26, 27, 33, 34, 45, 49, 62, 98, 115, 116, 122]",1,07:55:00.0,08:05:00.0,mod_vest
3508*,"[123, 92, 88, 86, 76, 65, 60, 51, 37, 9, 37, 51, 53, 56, 57, 59]",9,07:56:00.0,08:06:00.0,mod_kn
208,"[123, 92, 88, 86, 76, 65, 60, 51, 37, 36, 29, 4, 15, 19, 18, 22, 24, 127]",4,08:02:00.0,08:05:00.0,mod_kn
10,"[121, 115, 98, 62, 49, 45, 34, 33, 27, 2, 27, 26, 49, 62, 63, 100, 119, 117, 118, 126]",2,08:03:00.0,08:12:00.0,vender
2229,"[128, 25, 23, 21, 16, 5, 30, 31, 39, 40, 48, 55, 61, 95, 104, 124]",5,08:04:00.0,08:07:00.0,mod_vest
4308,"[123, 92, 88, 86, 76, 65, 60, 51, 37, 36, 29, 4, 15, 19, 18, 22, 24, 127]",4,08:08:00.0,08:11:00.0,mod_kn
4529,"[128, 25, 23, 21, 16, 5, 30, 31, 39, 40, 48, 55, 61, 95, 104, 124]",5,08:10:00.0,08:14:00.0,mod_vest
4410,"[121, 115, 98, 62, 49, 45, 34, 33, 28, 3, 11, 10, 14, 18, 22, 24, 127]",3,08:11:00.0,08:14:00.0,mod_kn
2431,"[128, 25, 23, 21, 20, 19, 15, 4, 29, 28, 33, 34, 45, 49, 62, 98, 115, 116, 122]",4,08:16:00.0,08:18:00.0,mod_vest
4508,"[123, 92, 88, 86, 76, 65, 60, 51, 37, 36, 35, 34, 33, 27, 2, 10, 14, 18, 22, 24, 127]",2,08:16:00.0,08:20:00.0,mod_kn
1210,"[121, 115, 98, 62, 49, 26, 1, 14, 18, 22, 24, 127]",1,08:17:00.0,08:23:00.0,mod_kn
2331,"[128, 25, 23, 21, 16, 5, 30, 31, 39, 40, 48, 55, 61, 95, 104, 124]",5,08:19:00.0,08:22:00.0,mod_vest
4210,"[123, 92, 88, 86, 76, 65, 60, 51, 37, 36, 29, 4, 15, 19, 18, 22, 24, 127]",4,08:23:00.0,08:26:00.0,mod_kn
3431831,"[128, 25, 23, 17, 13, 7, 32, 44, 48, 55, 61, 95, 104, 124]",7,08:25:00.0,08:29:00.0,mod_vest
15101531,"[123, 92, 88, 86, 76, 65, 60, 51, 37, 36, 35, 34, 33, 27, 26, 1, 26, 27, 33, 34, 35, 36, 37, 51, 60, 66, 77, 78, 81, 96, 104, 124]",1,08:26:00.0,08:34:00.0,vender
810,"[123, 92, 88, 86, 76, 65, 60, 51, 37, 36, 29, 4, 15, 19, 18, 22, 24, 127]",4,08:31:00.0,08:35:00.0,mod_kn
332,"[121, 115, 98, 97, 94, 88, 86, 76, 65, 60, 51, 37, 36, 35, 34, 33, 27, 2, 27, 33, 34, 35, 36, 37, 51, 60, 66, 77, 80, 82, 84, 120, 118, 126]",2,08:34:00.0,08:43:00.0,vender
4231,"[128, 25, 23, 21, 16, 5, 30, 31, 39, 40, 48, 55, 61, 95, 104, 124]",5,08:34:00.0,08:37:00.0,mod_vest
1231,"[128, 25, 23, 21, 16, 12, 6, 31, 39, 40, 41, 43, 46, 50, 51, 60, 65, 76, 86, 88, 94, 97, 116, 122]",6,08:37:00.0,08:44:00.0,mod_vest
2310,"[123, 92, 88, 86, 76, 65, 60, 51, 37, 36, 35, 34, 33, 27, 26, 1, 14, 18, 22, 24, 127]",1,08:38:00.0,08:41:00.0,mod_kn
2531,"[128, 25, 23, 17, 13, 7, 32, 44, 48, 55, 61, 95, 104, 124]",7,08:40:00.0,08:44:00.0,mod_vest
2412,"[121, 115, 98, 62, 49, 45, 34, 33, 28, 3, 11, 10, 14, 18, 22, 24, 127]",3,08:41:00.0,08:44:00.0,mod_kn
31,"[125, 117, 119, 100, 63, 62, 49, 26, 1, 26, 49, 62, 98, 115, 116, 122]",1,08:44:00.0,08:56:00.0,vender
2510,"[123, 92, 64, 45, 34, 33, 27, 2, 10, 14, 18, 22, 24, 127]",2,08:46:00.0,08:50:00.0,mod_kn
4433,"[128, 25, 23, 21, 20, 19, 15, 4, 29, 28, 33, 34, 45, 49, 62, 98, 115, 116, 122]",4,08:46:00.0,08:48:00.0,mod_vest
4333,"[128, 25, 23, 21, 16, 5, 30, 31, 39, 40, 48, 55, 61, 95, 104, 124]",5,08:49:00.0,08:52:00.0,mod_vest
2212,"[123, 92, 88, 86, 76, 65, 60, 51, 37, 36, 29, 4, 15, 19, 18, 22, 24, 127]",4,08:53:00.0,08:56:00.0,mod_kn
3433*,"[128, 25, 23, 21, 20, 19, 18, 14, 10, 2, 27, 33, 34, 42, 59]",2,08:55:00.0,09:05:00.0,vender
3512*,"[123, 92, 64, 45, 34, 33, 28, 3, 28, 33, 34, 42, 59]",3,08:56:00.0,09:06:00.0,mod_kn
133,"[128, 25, 23, 21, 16, 5, 30, 38, 50, 51, 60, 65, 76, 86, 88, 94, 97, 116, 122]",5,08:58:00.0,09:05:00.0,mod_vest
